,mean_prec,count_prec,std_prec,ci95_lo_prec,ci95_hi_prec
0,0.5598397777777778,25,0.2599990232212457,0.45792016067504954,0.6617593948805062
