,mean_prec,count_prec,std_prec,ci95_lo_prec,ci95_hi_prec
0,0.0968485714285715,25,0.09973266691186712,0.057753365999119594,0.13594377685802342
