,mean_js,count_js,std_js,ci95_lo_js,ci95_hi_js
0,0.15249568193537283,25,0.057473245592291645,0.1299661696631945,0.17502519420755117
