,mean_prec,count_prec,std_prec,ci95_lo_prec,ci95_hi_prec
0,0.0968485714285715,25,0.09973266691186713,0.05775336599911959,0.13594377685802342
