,mean_js,count_js,std_js,ci95_lo_js,ci95_hi_js
0,0.7243797970039282,25,0.18747709197742277,0.6508887769487784,0.7978708170590779
