,mean_prec,count_prec,std_prec,ci95_lo_prec,ci95_hi_prec
0,0.559839777777778,25,0.2599990232212457,0.45792016067504976,0.6617593948805064
