,mean_gr,count_gr,std_gr,ci95_lo_gr,ci95_hi_gr
0,0.8229995822836639,25,0.08537763219401963,0.7895315504636082,0.8564676141037195
