,mean_js,count_js,std_js,ci95_lo_js,ci95_hi_js
0,0.1524956819353728,25,0.057473245592291645,0.12996616966319446,0.17502519420755114
