,mean_gr,count_gr,std_gr,ci95_lo_gr,ci95_hi_gr
0,0.7384756749268562,25,0.11337577240467456,0.6940323721442238,0.7829189777094886
