,mean_gr,count_gr,std_gr,ci95_lo_gr,ci95_hi_gr
0,0.22999199690118866,25,0.1346181323301888,0.17722168902775465,0.28276230477462266
