,mean_gr,count_gr,std_gr,ci95_lo_prec,ci95_hi_prec
0,0.41347467891242423,25.0,0.13582030785788957,0.3602331182321315,0.46671623959271696
