,mean_js,count_js,std_js,ci95_lo_js,ci95_hi_js
0,0.3009877691980512,25,0.15825908127683033,0.23895020933753372,0.3630253290585687
