,mean_js,count_js,std_js,ci95_lo_js,ci95_hi_js
0,0.6221736423716137,25,0.10552321205007278,0.5808085432479851,0.6635387414952422
