,mean_prec,count_prec,std_prec,ci95_lo_prec,ci95_hi_prec
0,0.3963070793650793,25,0.21375056878979204,0.3125168563994808,0.4800973023306778
