,mean_gr,count_gr,std_gr,ci95_lo_prec,ci95_hi_prec
0,0.4134746789124242,25.0,0.13582030785788957,0.36023311823213144,0.4667162395927169
