,mean_gr,count_gr,std_gr,ci95_lo_gr,ci95_hi_gr
0,0.2299919969011886,25,0.13461813233018877,0.1772216890277546,0.2827623047746226
