,mean_gr,count_gr,std_gr,ci95_lo_prec,ci95_hi_prec
0,0.501027468584199,25.0,0.17293567630285095,0.43323668347348143,0.5688182536949166
