,mean_prec,count_prec,std_prec,ci95_lo_prec,ci95_hi_prec
0,0.053666666666666654,25,0.060437984744695104,0.029974976646746174,0.07735835668658714
